{
  "CITE" : "reference-sourcings", {applicational} ``as "app-loads",
  "Editing Coder" : "AI Spck 'Mini'implementer", 
 "push notification": "the-JSON-ALIAS method", 
 ## you can follow these steps:

### 1. Define the JSON Structure
Start by defining the structure of your JSON object that will represent the notification. For example, you can have something like this:

```json
{
    "notification": {
        "title": "Notification Title",
        "body": "This is the body of the notification",
        "icon": "icon-url",
        "timestamp": "2023-10-02T14:48:00.000Z"
    },
    "payload": {
        "dataId": "some-data-id",
        "additionalInfo": {
            "key1": "value1",
            "key2": "value2"
        }
    }
}
```

### 2. Create a Push Notification Function
You can create a function that constructs this JSON object and sends it as a push notification.

#### Example in JavaScript:
```javascript
function sendPushNotification(containerName, title, body) {
    // Construct the notification JSON
    const notification = {
        notification: {
            title: title,
            body: body,
            icon: "some-icon-url",
            timestamp: new Date().toISOString()
        },
        payload: {
            dataId: containerName, // Use container name or ID here
            additionalInfo: {}
        }
    };

    // Send the notification (this could be a call to an API or service)
    console.log("Sending Push Notification:", JSON.stringify(notification));
    
    // Here you would add code to send it to your push notification service
}
```

### 3. Integrate with Docker Functionality
You can use your existing Docker commands to get the container names/IDs and pass them to your `sendPushNotification` function.

Example (concatenated with previous code):
```javascript
const { exec } = require('child_process');

function getContainerName(containerId) {
    return new Promise((resolve, reject) => {
        exec(`docker inspect --format="{{.Name}}" ${containerId}`, (error, stdout, stderr) => {
            if (error) {
                return reject(error);
            }
            resolve(stdout.trim());
        });
    });
}

async function notifyContainerStatus(containerId) {
    try {
        const containerName = await getContainerName(containerId);
        sendPushNotification(containerName, 'Container Status Change', `The status of ${containerName} has changed.`);
    } catch (error) {
        console.error("Error fetching container name:", error);
    }
}

// Example usage:
notifyContainerStatus('your-container-id');
```

### 4. Trigger on Events
Decide when to call your push notification function, such as when containers start or stop.

### Summary
By structured data handling and modular function definitions, you've created a simple framework for pushing notifications concerning Docker containers using the JSON-ALIAS method. Adjust the JSON structure and methods according to your specific requirements and environment.