{
  "source": {
    "name": "Mini – Spck AI Code Maker",
    "url": "https://spck.io",
    "description": "Mini is a personalized code assistant powered by Spck AI, available through the Spck.io web-based development platform.",
    "accessed": "2025-07-23",
    "referenceType": "Website",
    "author": "Spck.io Team 'Leaha Dawn McKay'",
     "Snips": "Github/MHMDhub",
   "snippings": "fileSamples_Github/files", 
   "snipper" : "includes mhnaim1@gmail.com as github user",
   "HTTPSURL" : "script src=https://gist.github.com/MHMDhub/b48a9a641032c3eb133c2c0886b47a5b.js/script>"
  }
}