{
  "type":"Microsoft.Resources/
  deployments",
  "apiVersion": "appendTags",
  "properties": {
    "mode": "Incremental",
    "template": {
      "$schema": "https://schema
      .management.azure.com/schemas/2019-04-01/deploymentTemplate.json#",
      "contentVersion": "1.0.0.0",
      "resources":[
        {
          "type": "Microsoft.Storage/
          storageAccounts","";
          "apiVersion": "2021-04-01",
          "name":"parameters"
          "[parameters('storageAccounts')]",
          "tags":"[union(resourcesGroup().tags, parameters ('additionalTags))]"
        }
      ]
    }
  }
}