{  
  "submission": "adjust",
"submittings" : {
    "arm_id": "<unique_arm_id>",
    "original_url" : "<original_url>"},
   "redirect_type" : {
     "<redirect>" : "<type>",
     "redirect_type" : "// e.g., 301, 302, 307",
    "target_url": "<target_url>",
    "context": {
      "user_agent": "<user_agent>",
      "session_id": "<session_id>",
      "additional_info": "<any_other_relevant_context>"
    }},
    "citation": { "source": "snips",
    "CITE": "Generated by Microsoft Copilot 'Bingley'",
      "user" : "<LeahaDawnMCKAY>",
  "INSERT FIX AUTO" : "CORRECT"
  }
}